id,lga_name,state_id,incentive_status,status,created_at,updated_at,deleted_at
1,ABA NORTH,1,,1,2024-03-14 10:54:15,2024-03-14 10:54:15,
2,ABA SOUTH,1,,1,2024-03-14 10:54:15,2024-03-14 10:54:15,
3,AROCHUKWU,1,,1,2024-03-14 10:54:15,2024-03-14 10:54:15,
4,BENDE,1,,1,2024-03-14 10:54:15,2024-03-14 10:54:15,
5,IKWUANO,1,,1,2024-03-14 10:54:15,2024-03-14 10:54:15,
6,ISIALA NGWA NORTH,1,,1,2024-03-14 10:54:15,2024-03-14 10:54:15,
7,ISIALA NGWA SOUTH,1,,1,2024-03-14 10:54:15,2024-03-14 10:54:15,
8,ISUIKWUATO,1,,1,2024-03-14 10:54:15,2024-03-14 10:54:15,
9,OBINGWA,1,,1,2024-03-14 10:54:15,2024-03-14 10:54:15,
10,OHAFIA,1,,1,2024-03-14 10:54:15,2024-03-14 10:54:15,
11,OSISIOMA,1,,1,2024-03-14 10:54:15,2024-03-14 10:54:15,
12,UGWUNAGBO,1,,1,2024-03-14 10:54:15,2024-03-14 10:54:15,
13,UKWA EAST,1,,1,2024-03-14 10:54:15,2024-03-14 10:54:15,
14,UKWA  WEST,1,,1,2024-03-14 10:54:15,2024-03-14 10:54:15,
15,UMUAHIA NORTH,1,,1,2024-03-14 10:54:15,2024-03-14 10:54:15,
16,UMUAHIA  SOUTH,1,,1,2024-03-14 10:54:15,2024-03-14 10:54:15,
17,UMU - NNEOCHI,1,,1,2024-03-14 10:54:15,2024-03-14 10:54:15,
18,DEMSA,2,,1,2024-03-14 10:54:15,2024-03-14 10:54:15,
19,FUFORE,2,,1,2024-03-14 10:54:15,2024-03-14 10:54:15,
20,GANYE,2,,1,2024-03-14 10:54:15,2024-03-14 10:54:15,
21,GIRE 1,2,,1,2024-03-14 10:54:15,2024-03-14 10:54:15,
22,GOMBI,2,,1,2024-03-14 10:54:15,2024-03-14 10:54:15,
23,GUYUK,2,,1,2024-03-14 10:54:15,2024-03-14 10:54:15,
24,HONG,2,,1,2024-03-14 10:54:15,2024-03-14 10:54:15,
25,JADA,2,,1,2024-03-14 10:54:15,2024-03-14 10:54:15,
26,LAMURDE,2,,1,2024-03-14 10:54:15,2024-03-14 10:54:15,
27,MADAGALI,2,,1,2024-03-14 10:54:15,2024-03-14 10:54:15,
28,MAIHA,2,,1,2024-03-14 10:54:15,2024-03-14 10:54:15,
29,MAYO - BELWA,2,,1,2024-03-14 10:54:15,2024-03-14 10:54:15,
30,MICHIKA,2,,1,2024-03-14 10:54:15,2024-03-14 10:54:15,
31,MUBI NORTH,2,,1,2024-03-14 10:54:15,2024-03-14 10:54:15,
32,MUBI SOUTH,2,,1,2024-03-14 10:54:15,2024-03-14 10:54:15,
33,NUMAN,2,,1,2024-03-14 10:54:15,2024-03-14 10:54:15,
34,SHELLENG,2,,1,2024-03-14 10:54:15,2024-03-14 10:54:15,
35,SONG,2,,1,2024-03-14 10:54:15,2024-03-14 10:54:15,
36,TOUNGO,2,,1,2024-03-14 10:54:15,2024-03-14 10:54:15,
37,YOLA NORTH,2,,1,2024-03-14 10:54:15,2024-03-14 10:54:15,
38,YOLA SOUTH,2,,1,2024-03-14 10:54:15,2024-03-14 10:54:15,
39,ABAK,3,,1,2024-03-14 10:54:15,2024-03-14 10:54:15,
40,EASTERN OBOLO,3,,1,2024-03-14 10:54:15,2024-03-14 10:54:15,
41,EKET,3,,1,2024-03-14 10:54:15,2024-03-14 10:54:15,
42,ESIT EKET (UQUO),3,,1,2024-03-14 10:54:15,2024-03-14 10:54:15,
43,ESSIEN UDIM,3,,1,2024-03-14 10:54:15,2024-03-14 10:54:15,
44,ETIM EKPO,3,,1,2024-03-14 10:54:15,2024-03-14 10:54:15,
45,ETINAN,3,,1,2024-03-14 10:54:15,2024-03-14 10:54:15,
46,IBENO,3,,1,2024-03-14 10:54:15,2024-03-14 10:54:15,
47,IBESIKPO ASUTAN,3,,1,2024-03-14 10:54:15,2024-03-14 10:54:15,
48,IBIONO IBOM,3,,1,2024-03-14 10:54:15,2024-03-14 10:54:15,
49,IKA,3,,1,2024-03-14 10:54:15,2024-03-14 10:54:15,
50,IKONO,3,,1,2024-03-14 10:54:15,2024-03-14 10:54:15,
51,IKOT ABASI,3,,1,2024-03-14 10:54:15,2024-03-14 10:54:15,
52,IKOT EKPENE,3,,1,2024-03-14 10:54:15,2024-03-14 10:54:15,
53,INI,3,,1,2024-03-14 10:54:15,2024-03-14 10:54:15,
54,ITU,3,,1,2024-03-14 10:54:15,2024-03-14 10:54:15,
55,MBO,3,,1,2024-03-14 10:54:15,2024-03-14 10:54:15,
56,MKPAT ENIN,3,,1,2024-03-14 10:54:15,2024-03-14 10:54:15,
57,NSIT ATAI,3,,1,2024-03-14 10:54:15,2024-03-14 10:54:15,
58,NSIT IBOM,3,,1,2024-03-14 10:54:15,2024-03-14 10:54:15,
59,NSIT UBIUM,3,,1,2024-03-14 10:54:15,2024-03-14 10:54:15,
60,OBOT AKARA,3,,1,2024-03-14 10:54:15,2024-03-14 10:54:15,
61,OKOBO,3,,1,2024-03-14 10:54:15,2024-03-14 10:54:15,
62,ONNA,3,,1,2024-03-14 10:54:15,2024-03-14 10:54:15,
63,ORON,3,,1,2024-03-14 10:54:15,2024-03-14 10:54:15,
64,ORUK ANAM,3,,1,2024-03-14 10:54:15,2024-03-14 10:54:15,
65,UDUNG UKO,3,,1,2024-03-14 10:54:15,2024-03-14 10:54:15,
66,UKANAFUN,3,,1,2024-03-14 10:54:15,2024-03-14 10:54:15,
67,URUAN,3,,1,2024-03-14 10:54:15,2024-03-14 10:54:15,
68,URUE OFFONG/ORUKO,3,,1,2024-03-14 10:54:15,2024-03-14 10:54:15,
69,UYO,3,,1,2024-03-14 10:54:15,2024-03-14 10:54:15,
70,AGUATA,4,,1,2024-03-14 10:54:15,2024-03-14 10:54:15,
71,AYAMELUM,4,,1,2024-03-14 10:54:15,2024-03-14 10:54:15,
72,ANAMBRA EAST,4,,1,2024-03-14 10:54:15,2024-03-14 10:54:15,
73,ANAMBRA WEST,4,,1,2024-03-14 10:54:15,2024-03-14 10:54:15,
74,ANAOCHA,4,,1,2024-03-14 10:54:15,2024-03-14 10:54:15,
75,AWKA NORTH,4,,1,2024-03-14 10:54:15,2024-03-14 10:54:15,
76,AWKA SOUTH,4,,1,2024-03-14 10:54:15,2024-03-14 10:54:15,
77,DUNUKOFIA,4,,1,2024-03-14 10:54:15,2024-03-14 10:54:15,
78,EKWUSIGO,4,,1,2024-03-14 10:54:15,2024-03-14 10:54:15,
79,IDEMILI NORTH,4,,1,2024-03-14 10:54:15,2024-03-14 10:54:15,
80,IDEMILI-SOUTH,4,,1,2024-03-14 10:54:15,2024-03-14 10:54:15,
81,IHALA,4,,1,2024-03-14 10:54:15,2024-03-14 10:54:15,
82,NJIKOKA,4,,1,2024-03-14 10:54:15,2024-03-14 10:54:15,
83,NNEWI NORTH,4,,1,2024-03-14 10:54:15,2024-03-14 10:54:15,
84,NNEWI SOUTH,4,,1,2024-03-14 10:54:15,2024-03-14 10:54:15,
85,OGBARU,4,,1,2024-03-14 10:54:15,2024-03-14 10:54:15,
86,ONITSHA-NORTH,4,,1,2024-03-14 10:54:15,2024-03-14 10:54:15,
87,ONITSHA -SOUTH,4,,1,2024-03-14 10:54:15,2024-03-14 10:54:15,
88,ORUMBA NORTH,4,,1,2024-03-14 10:54:15,2024-03-14 10:54:15,
89,ORUMBA  SOUTH,4,,1,2024-03-14 10:54:15,2024-03-14 10:54:15,
90,OYI,4,,1,2024-03-14 10:54:15,2024-03-14 10:54:15,
91,ALKALERI,5,,1,2024-03-14 10:54:15,2024-03-14 10:54:15,
92,BAUCHI,5,,1,2024-03-14 10:54:15,2024-03-14 10:54:15,
93,BOGORO,5,,1,2024-03-14 10:54:15,2024-03-14 10:54:15,
94,DAMBAM,5,,1,2024-03-14 10:54:15,2024-03-14 10:54:15,
95,DARAZO,5,,1,2024-03-14 10:54:15,2024-03-14 10:54:15,
96,DASS,5,,1,2024-03-14 10:54:15,2024-03-14 10:54:15,
97,GAMAWA,5,,1,2024-03-14 10:54:15,2024-03-14 10:54:15,
98,GANJUWA,5,,1,2024-03-14 10:54:15,2024-03-14 10:54:15,
99,GIADE,5,,1,2024-03-14 10:54:15,2024-03-14 10:54:15,
100,ITAS/GADAU,5,,1,2024-03-14 10:54:15,2024-03-14 10:54:15,
101,JAMA'ARE,5,,1,2024-03-14 10:54:15,2024-03-14 10:54:15,
102,KATAGUM,5,,1,2024-03-14 10:54:15,2024-03-14 10:54:15,
103,KIRFI,5,,1,2024-03-14 10:54:15,2024-03-14 10:54:15,
104,MISAU,5,,1,2024-03-14 10:54:15,2024-03-14 10:54:15,
105,NINGI,5,,1,2024-03-14 10:54:15,2024-03-14 10:54:15,
106,SHIRA,5,,1,2024-03-14 10:54:15,2024-03-14 10:54:15,
107,TAFAWA BALEWA,5,,1,2024-03-14 10:54:15,2024-03-14 10:54:15,
108,TORO,5,,1,2024-03-14 10:54:15,2024-03-14 10:54:15,
109,WARJI,5,,1,2024-03-14 10:54:15,2024-03-14 10:54:15,
110,ZAKI,5,,1,2024-03-14 10:54:15,2024-03-14 10:54:15,
111,BRASS,6,,1,2024-03-14 10:54:15,2024-03-14 10:54:15,
112,EKEREMOR,6,,1,2024-03-14 10:54:15,2024-03-14 10:54:15,
113,KOLOKUMA/OPOKUMA,6,,1,2024-03-14 10:54:15,2024-03-14 10:54:15,
114,NEMBE,6,,1,2024-03-14 10:54:15,2024-03-14 10:54:15,
115,OGBIA,6,,1,2024-03-14 10:54:15,2024-03-14 10:54:15,
116,SAGBAMA,6,,1,2024-03-14 10:54:15,2024-03-14 10:54:15,
117,SOUTHERN IJAW,6,,1,2024-03-14 10:54:15,2024-03-14 10:54:15,
118,YENAGOA,6,,1,2024-03-14 10:54:15,2024-03-14 10:54:15,
119,ADO,7,,1,2024-03-14 10:54:15,2024-03-14 10:54:15,
120,AGATU,7,,1,2024-03-14 10:54:15,2024-03-14 10:54:15,
121,APA,7,,1,2024-03-14 10:54:15,2024-03-14 10:54:15,
122,BURUKU,7,,1,2024-03-14 10:54:15,2024-03-14 10:54:15,
123,GBOKO,7,,1,2024-03-14 10:54:15,2024-03-14 10:54:15,
124,GUMA,7,,1,2024-03-14 10:54:15,2024-03-14 10:54:15,
125,GWER EAST,7,,1,2024-03-14 10:54:15,2024-03-14 10:54:15,
126,GWER WEST,7,,1,2024-03-14 10:54:15,2024-03-14 10:54:15,
127,KATSINA-ALA,7,,1,2024-03-14 10:54:15,2024-03-14 10:54:15,
128,KONSHISHA,7,,1,2024-03-14 10:54:15,2024-03-14 10:54:15,
129,KWANDE,7,,1,2024-03-14 10:54:15,2024-03-14 10:54:15,
130,LOGO,7,,1,2024-03-14 10:54:15,2024-03-14 10:54:15,
131,MAKURDI,7,,1,2024-03-14 10:54:15,2024-03-14 10:54:15,
132,OBI,7,,1,2024-03-14 10:54:15,2024-03-14 10:54:15,
133,OGBADIBO,7,,1,2024-03-14 10:54:15,2024-03-14 10:54:15,
134,OJU,7,,1,2024-03-14 10:54:15,2024-03-14 10:54:15,
135,OHIMINI,7,,1,2024-03-14 10:54:15,2024-03-14 10:54:15,
136,OKPOKWU,7,,1,2024-03-14 10:54:15,2024-03-14 10:54:15,
137,OTUKPO,7,,1,2024-03-14 10:54:15,2024-03-14 10:54:15,
138,TARKA,7,,1,2024-03-14 10:54:15,2024-03-14 10:54:15,
139,UKUM,7,,1,2024-03-14 10:54:15,2024-03-14 10:54:15,
140,USHONGO,7,,1,2024-03-14 10:54:15,2024-03-14 10:54:15,
141,VANDEIKYA,7,,1,2024-03-14 10:54:15,2024-03-14 10:54:15,
142,ABADAM,8,,1,2024-03-14 10:54:15,2024-03-14 10:54:15,
143,ASKIRA / UBA,8,,1,2024-03-14 10:54:15,2024-03-14 10:54:15,
144,BAMA,8,,1,2024-03-14 10:54:15,2024-03-14 10:54:15,
145,BAYO,8,,1,2024-03-14 10:54:15,2024-03-14 10:54:15,
146,BIU,8,,1,2024-03-14 10:54:15,2024-03-14 10:54:15,
147,CHIBOK,8,,1,2024-03-14 10:54:15,2024-03-14 10:54:15,
148,DAMBOA,8,,1,2024-03-14 10:54:15,2024-03-14 10:54:15,
149,DIKWA,8,,1,2024-03-14 10:54:15,2024-03-14 10:54:15,
150,GUBIO,8,,1,2024-03-14 10:54:15,2024-03-14 10:54:15,
151,GUZAMALA,8,,1,2024-03-14 10:54:15,2024-03-14 10:54:15,
152,GWOZA,8,,1,2024-03-14 10:54:15,2024-03-14 10:54:15,
153,HAWUL,8,,1,2024-03-14 10:54:15,2024-03-14 10:54:15,
154,JERE,8,,1,2024-03-14 10:54:15,2024-03-14 10:54:15,
155,KAGA,8,,1,2024-03-14 10:54:15,2024-03-14 10:54:15,
156,KALA BALGE,8,,1,2024-03-14 10:54:15,2024-03-14 10:54:15,
157,KONDUGA,8,,1,2024-03-14 10:54:15,2024-03-14 10:54:15,
158,KUKAWA,8,,1,2024-03-14 10:54:15,2024-03-14 10:54:15,
159,KWAYA / KUSAR,8,,1,2024-03-14 10:54:15,2024-03-14 10:54:15,
160,MAFA,8,,1,2024-03-14 10:54:15,2024-03-14 10:54:15,
161,MAGUMERI,8,,1,2024-03-14 10:54:15,2024-03-14 10:54:15,
162,MAIDUGURI M. C.,8,,1,2024-03-14 10:54:15,2024-03-14 10:54:15,
163,MARTE,8,,1,2024-03-14 10:54:15,2024-03-14 10:54:15,
164,MOBBAR,8,,1,2024-03-14 10:54:15,2024-03-14 10:54:15,
165,MONGUNO,8,,1,2024-03-14 10:54:15,2024-03-14 10:54:15,
166,NGALA,8,,1,2024-03-14 10:54:15,2024-03-14 10:54:15,
167,NGANZAI,8,,1,2024-03-14 10:54:15,2024-03-14 10:54:15,
168,SHANI,8,,1,2024-03-14 10:54:15,2024-03-14 10:54:15,
169,ABI,9,,1,2024-03-14 10:54:15,2024-03-14 10:54:15,
170,AKAMKPA,9,,1,2024-03-14 10:54:15,2024-03-14 10:54:15,
171,AKPABUYO,9,,1,2024-03-14 10:54:15,2024-03-14 10:54:15,
172,BAKASSI,9,,1,2024-03-14 10:54:15,2024-03-14 10:54:15,
173,BEKWARRA,9,,1,2024-03-14 10:54:15,2024-03-14 10:54:15,
174,BIASE,9,,1,2024-03-14 10:54:15,2024-03-14 10:54:15,
175,BOKI,9,,1,2024-03-14 10:54:15,2024-03-14 10:54:15,
176,CALABAR MUNICIPALITY,9,,1,2024-03-14 10:54:15,2024-03-14 10:54:15,
177,CALABAR SOUTH,9,,1,2024-03-14 10:54:15,2024-03-14 10:54:15,
178,ETUNG,9,,1,2024-03-14 10:54:15,2024-03-14 10:54:15,
179,IKOM,9,,1,2024-03-14 10:54:15,2024-03-14 10:54:15,
180,OBANLIKU,9,,1,2024-03-14 10:54:15,2024-03-14 10:54:15,
181,OBUBRA,9,,1,2024-03-14 10:54:15,2024-03-14 10:54:15,
182,OBUDU,9,,1,2024-03-14 10:54:15,2024-03-14 10:54:15,
183,ODUKPANI,9,,1,2024-03-14 10:54:15,2024-03-14 10:54:15,
184,OGOJA,9,,1,2024-03-14 10:54:15,2024-03-14 10:54:15,
185,YAKURR,9,,1,2024-03-14 10:54:15,2024-03-14 10:54:15,
186,YALA,9,,1,2024-03-14 10:54:15,2024-03-14 10:54:15,
187,ANIOCHA NORTH,10,,1,2024-03-14 10:54:15,2024-03-14 10:54:15,
188,ANIOCHA - SOUTH,10,,1,2024-03-14 10:54:15,2024-03-14 10:54:15,
189,BOMADI,10,,1,2024-03-14 10:54:15,2024-03-14 10:54:15,
190,BURUTU,10,,1,2024-03-14 10:54:15,2024-03-14 10:54:15,
191,ETHIOPE  EAST,10,,1,2024-03-14 10:54:15,2024-03-14 10:54:15,
192,ETHIOPE  WEST,10,,1,2024-03-14 10:54:15,2024-03-14 10:54:15,
193,IKA NORTH- EAST,10,,1,2024-03-14 10:54:15,2024-03-14 10:54:15,
194,IKA - SOUTH,10,,1,2024-03-14 10:54:15,2024-03-14 10:54:15,
195,ISOKO NORTH,10,,1,2024-03-14 10:54:15,2024-03-14 10:54:15,
196,ISOKO SOUTH,10,,1,2024-03-14 10:54:15,2024-03-14 10:54:15,
197,NDOKWA EAST,10,,1,2024-03-14 10:54:15,2024-03-14 10:54:15,
198,NDOKWA WEST,10,,1,2024-03-14 10:54:15,2024-03-14 10:54:15,
199,OKPE,10,,1,2024-03-14 10:54:15,2024-03-14 10:54:15,
200,OSHIMILI - NORTH,10,,1,2024-03-14 10:54:15,2024-03-14 10:54:15,
201,OSHIMILI - SOUTH,10,,1,2024-03-14 10:54:15,2024-03-14 10:54:15,
202,PATANI,10,,1,2024-03-14 10:54:15,2024-03-14 10:54:15,
203,SAPELE,10,,1,2024-03-14 10:54:15,2024-03-14 10:54:15,
204,UDU,10,,1,2024-03-14 10:54:15,2024-03-14 10:54:15,
205,UGHELLI NORTH,10,,1,2024-03-14 10:54:15,2024-03-14 10:54:15,
206,UGHELLI SOUTH,10,,1,2024-03-14 10:54:15,2024-03-14 10:54:15,
207,UKWUANI,10,,1,2024-03-14 10:54:15,2024-03-14 10:54:15,
208,UVWIE,10,,1,2024-03-14 10:54:15,2024-03-14 10:54:15,
209,WARRI  NORTH,10,,1,2024-03-14 10:54:15,2024-03-14 10:54:15,
210,WARRI SOUTH,10,,1,2024-03-14 10:54:15,2024-03-14 10:54:15,
211,WARRI SOUTH  WEST,10,,1,2024-03-14 10:54:15,2024-03-14 10:54:15,
212,ABAKALIKI,11,,1,2024-03-14 10:54:15,2024-03-14 10:54:15,
213,AFIKPO NORTH,11,,1,2024-03-14 10:54:15,2024-03-14 10:54:15,
214,AFIKPO  SOUTH,11,,1,2024-03-14 10:54:15,2024-03-14 10:54:15,
215,EBONYI,11,,1,2024-03-14 10:54:15,2024-03-14 10:54:15,
216,EZZA NORTH,11,,1,2024-03-14 10:54:15,2024-03-14 10:54:15,
217,EZZA SOUTH,11,,1,2024-03-14 10:54:15,2024-03-14 10:54:15,
218,IKWO,11,,1,2024-03-14 10:54:15,2024-03-14 10:54:15,
219,ISHIELU,11,,1,2024-03-14 10:54:15,2024-03-14 10:54:15,
220,IVO,11,,1,2024-03-14 10:54:15,2024-03-14 10:54:15,
221,IZZI,11,,1,2024-03-14 10:54:15,2024-03-14 10:54:15,
222,OHAOZARA,11,,1,2024-03-14 10:54:15,2024-03-14 10:54:15,
223,OHAUKWU,11,,1,2024-03-14 10:54:15,2024-03-14 10:54:15,
224,ONICHA,11,,1,2024-03-14 10:54:15,2024-03-14 10:54:15,
225,AKOKO EDO,12,,1,2024-03-14 10:54:15,2024-03-14 10:54:15,
226,EGOR,12,,1,2024-03-14 10:54:15,2024-03-14 10:54:15,
227,ESAN CENTRAL,12,,1,2024-03-14 10:54:15,2024-03-14 10:54:15,
228,ESAN NORTH EAST,12,,1,2024-03-14 10:54:15,2024-03-14 10:54:15,
229,ESAN SOUTH EAST,12,,1,2024-03-14 10:54:15,2024-03-14 10:54:15,
230,ESAN WEST,12,,1,2024-03-14 10:54:15,2024-03-14 10:54:15,
231,ETSAKO CENTRAL,12,,1,2024-03-14 10:54:15,2024-03-14 10:54:15,
232,ETSAKO EAST,12,,1,2024-03-14 10:54:15,2024-03-14 10:54:15,
233,ETSAKO  WEST,12,,1,2024-03-14 10:54:15,2024-03-14 10:54:15,
234,IGUEBEN,12,,1,2024-03-14 10:54:15,2024-03-14 10:54:15,
235,IKPOBA/OKHA,12,,1,2024-03-14 10:54:15,2024-03-14 10:54:15,
236,OREDO,12,,1,2024-03-14 10:54:15,2024-03-14 10:54:15,
237,ORHIONMWON,12,,1,2024-03-14 10:54:15,2024-03-14 10:54:15,
238,OVIA NORTH EAST,12,,1,2024-03-14 10:54:15,2024-03-14 10:54:15,
239,OVIA SOUTH WEST,12,,1,2024-03-14 10:54:15,2024-03-14 10:54:15,
240,OWAN EAST,12,,1,2024-03-14 10:54:15,2024-03-14 10:54:15,
241,OWAN WEST,12,,1,2024-03-14 10:54:15,2024-03-14 10:54:15,
242,UHUNMWODE,12,,1,2024-03-14 10:54:15,2024-03-14 10:54:15,
243,ADO EKITI,13,,1,2024-03-14 10:54:15,2024-03-14 10:54:15,
244,EFON,13,,1,2024-03-14 10:54:15,2024-03-14 10:54:15,
245,EKITI EAST,13,,1,2024-03-14 10:54:15,2024-03-14 10:54:15,
246,EKITI WEST,13,,1,2024-03-14 10:54:15,2024-03-14 10:54:15,
247,EKITI SOUTH WEST,13,,1,2024-03-14 10:54:15,2024-03-14 10:54:15,
248,EMURE,13,,1,2024-03-14 10:54:15,2024-03-14 10:54:15,
249,GBONYIN,13,,1,2024-03-14 10:54:15,2024-03-14 10:54:15,
250,IDO / OSI,13,,1,2024-03-14 10:54:15,2024-03-14 10:54:15,
251,IJERO,13,,1,2024-03-14 10:54:15,2024-03-14 10:54:15,
252,IKERE,13,,1,2024-03-14 10:54:15,2024-03-14 10:54:15,
253,IKOLE,13,,1,2024-03-14 10:54:15,2024-03-14 10:54:15,
254,ILEJEMEJE,13,,1,2024-03-14 10:54:15,2024-03-14 10:54:15,
255,IREPODUN / IFELODUN,13,,1,2024-03-14 10:54:15,2024-03-14 10:54:15,
256,ISE / ORUN,13,,1,2024-03-14 10:54:15,2024-03-14 10:54:15,
257,MOBA,13,,1,2024-03-14 10:54:15,2024-03-14 10:54:15,
258,OYE,13,,1,2024-03-14 10:54:15,2024-03-14 10:54:15,
259,ANINRI,14,,1,2024-03-14 10:54:15,2024-03-14 10:54:15,
260,AWGU,14,,1,2024-03-14 10:54:15,2024-03-14 10:54:15,
261,ENUGU EAST,14,,1,2024-03-14 10:54:15,2024-03-14 10:54:15,
262,ENUGU NORTH,14,,1,2024-03-14 10:54:15,2024-03-14 10:54:15,
263,ENUGU SOUTH,14,,1,2024-03-14 10:54:15,2024-03-14 10:54:15,
264,EZEAGU,14,,1,2024-03-14 10:54:15,2024-03-14 10:54:15,
265,IGBO ETITI,14,,1,2024-03-14 10:54:15,2024-03-14 10:54:15,
266,IGBO EZE NORTH,14,,1,2024-03-14 10:54:15,2024-03-14 10:54:15,
267,IGBO EZE SOUTH,14,,1,2024-03-14 10:54:15,2024-03-14 10:54:15,
268,ISI UZO,14,,1,2024-03-14 10:54:15,2024-03-14 10:54:15,
269,NKANU EAST,14,,1,2024-03-14 10:54:15,2024-03-14 10:54:15,
270,NKANU WEST,14,,1,2024-03-14 10:54:15,2024-03-14 10:54:15,
271,NSUKKA,14,,1,2024-03-14 10:54:15,2024-03-14 10:54:15,
272,OJI-RIVER,14,,1,2024-03-14 10:54:15,2024-03-14 10:54:15,
273,UDENU,14,,1,2024-03-14 10:54:15,2024-03-14 10:54:15,
274,UDI,14,,1,2024-03-14 10:54:15,2024-03-14 10:54:15,
275,UZO-UWANI,14,,1,2024-03-14 10:54:15,2024-03-14 10:54:15,
276,AKKO,15,,1,2024-03-14 10:54:15,2024-03-14 10:54:15,
277,BALANGA,15,,1,2024-03-14 10:54:15,2024-03-14 10:54:15,
278,BILLIRI,15,,1,2024-03-14 10:54:15,2024-03-14 10:54:15,
279,DUKKU,15,,1,2024-03-14 10:54:15,2024-03-14 10:54:15,
280,FUNAKAYE,15,,1,2024-03-14 10:54:15,2024-03-14 10:54:15,
281,GOMBE,15,,1,2024-03-14 10:54:15,2024-03-14 10:54:15,
282,KALTUNGO,15,,1,2024-03-14 10:54:15,2024-03-14 10:54:15,
283,KWAMI,15,,1,2024-03-14 10:54:15,2024-03-14 10:54:15,
284,NAFADA,15,,1,2024-03-14 10:54:15,2024-03-14 10:54:15,
285,SHONGOM,15,,1,2024-03-14 10:54:15,2024-03-14 10:54:15,
286,YALMALTU/ DEBA,15,,1,2024-03-14 10:54:15,2024-03-14 10:54:15,
287,ABOH MBAISE,16,,1,2024-03-14 10:54:15,2024-03-14 10:54:15,
288,AHIAZU MBAISE,16,,1,2024-03-14 10:54:15,2024-03-14 10:54:15,
289,EHIME MBANO,16,,1,2024-03-14 10:54:15,2024-03-14 10:54:15,
290,EZINIHITTE MBAISE,16,,1,2024-03-14 10:54:15,2024-03-14 10:54:15,
291,IDEATO NORTH,16,,1,2024-03-14 10:54:15,2024-03-14 10:54:15,
292,IDEATO SOUTH,16,,1,2024-03-14 10:54:15,2024-03-14 10:54:15,
293,IHITTE/UBOMA (ISINWEKE),16,,1,2024-03-14 10:54:15,2024-03-14 10:54:15,
294,IKEDURU (IHO),16,,1,2024-03-14 10:54:15,2024-03-14 10:54:15,
295,ISIALA MBANO (UMUELEMAI),16,,1,2024-03-14 10:54:15,2024-03-14 10:54:15,
296,ISU (UMUNDUGBA),16,,1,2024-03-14 10:54:15,2024-03-14 10:54:15,
297,MBAITOLI (NWAORIEUBI),16,,1,2024-03-14 10:54:15,2024-03-14 10:54:15,
298,NGOR OKPALA (UMUNEKE),16,,1,2024-03-14 10:54:15,2024-03-14 10:54:15,
299,NJABA (NNENASA),16,,1,2024-03-14 10:54:15,2024-03-14 10:54:15,
300,NKWERRE,16,,1,2024-03-14 10:54:15,2024-03-14 10:54:15,
301,NWANGELE (ONU-NWANGELE AMAIGBO),16,,1,2024-03-14 10:54:15,2024-03-14 10:54:15,
302,OBOWO (OTOKO),16,,1,2024-03-14 10:54:15,2024-03-14 10:54:15,
303,OGUTA (OGUTA),16,,1,2024-03-14 10:54:15,2024-03-14 10:54:15,
304,OHAJI/EGBEMA (MMAHU-EGBEMA),16,,1,2024-03-14 10:54:15,2024-03-14 10:54:15,
305,OKIGWE  (OKIGWE),16,,1,2024-03-14 10:54:15,2024-03-14 10:54:15,
306,ONUIMO (OKWE),16,,1,2024-03-14 10:54:15,2024-03-14 10:54:15,
307,ORLU,16,,1,2024-03-14 10:54:15,2024-03-14 10:54:15,
308,ORSU (AWO IDEMILI),16,,1,2024-03-14 10:54:15,2024-03-14 10:54:15,
309,ORU-EAST,16,,1,2024-03-14 10:54:15,2024-03-14 10:54:15,
310,ORU WEST (MGBIDI),16,,1,2024-03-14 10:54:15,2024-03-14 10:54:15,
311,OWERRI MUNICIPAL,16,,1,2024-03-14 10:54:15,2024-03-14 10:54:15,
312,OWERRI NORTH (ORIE URATTA),16,,1,2024-03-14 10:54:15,2024-03-14 10:54:15,
313,OWERRI WEST (UMUGUMA),16,,1,2024-03-14 10:54:15,2024-03-14 10:54:15,
314,AUYO,17,,1,2024-03-14 10:54:15,2024-03-14 10:54:15,
315,BABURA,17,,1,2024-03-14 10:54:15,2024-03-14 10:54:15,
316,BIRNIN KUDU,17,,1,2024-03-14 10:54:15,2024-03-14 10:54:15,
317,BIRNIWA,17,,1,2024-03-14 10:54:15,2024-03-14 10:54:15,
318,BUJI,17,,1,2024-03-14 10:54:15,2024-03-14 10:54:15,
319,DUTSE,17,,1,2024-03-14 10:54:15,2024-03-14 10:54:15,
320,GARKI,17,,1,2024-03-14 10:54:15,2024-03-14 10:54:15,
321,GAGARAWA,17,,1,2024-03-14 10:54:15,2024-03-14 10:54:15,
322,GUMEL,17,,1,2024-03-14 10:54:15,2024-03-14 10:54:15,
323,GURI,17,,1,2024-03-14 10:54:15,2024-03-14 10:54:15,
324,GWARAM,17,,1,2024-03-14 10:54:15,2024-03-14 10:54:15,
325,GWIWA,17,,1,2024-03-14 10:54:15,2024-03-14 10:54:15,
326,HADEJIA,17,,1,2024-03-14 10:54:15,2024-03-14 10:54:15,
327,JAHUN,17,,1,2024-03-14 10:54:15,2024-03-14 10:54:15,
328,KAFIN HAUSA,17,,1,2024-03-14 10:54:15,2024-03-14 10:54:15,
329,KAUGAMA,17,,1,2024-03-14 10:54:15,2024-03-14 10:54:15,
330,KAZAURE,17,,1,2024-03-14 10:54:15,2024-03-14 10:54:15,
331,KIRIKA SAMMA,17,,1,2024-03-14 10:54:15,2024-03-14 10:54:15,
332,KIYAWA,17,,1,2024-03-14 10:54:15,2024-03-14 10:54:15,
333,MAIGATARI,17,,1,2024-03-14 10:54:15,2024-03-14 10:54:15,
334,MALAM MADORI,17,,1,2024-03-14 10:54:15,2024-03-14 10:54:15,
335,MIGA,17,,1,2024-03-14 10:54:15,2024-03-14 10:54:15,
336,RINGIM,17,,1,2024-03-14 10:54:15,2024-03-14 10:54:15,
337,RONI,17,,1,2024-03-14 10:54:15,2024-03-14 10:54:15,
338,SULE-TANKARKAR,17,,1,2024-03-14 10:54:15,2024-03-14 10:54:15,
339,TAURA,17,,1,2024-03-14 10:54:15,2024-03-14 10:54:15,
340,YANKWASHI,17,,1,2024-03-14 10:54:15,2024-03-14 10:54:15,
341,BIRNIN GWARI,18,,1,2024-03-14 10:54:15,2024-03-14 10:54:15,
342,CHIKUN,18,,1,2024-03-14 10:54:15,2024-03-14 10:54:15,
343,GIWA,18,,1,2024-03-14 10:54:15,2024-03-14 10:54:15,
344,IGABI,18,,1,2024-03-14 10:54:15,2024-03-14 10:54:15,
345,IKARA,18,,1,2024-03-14 10:54:15,2024-03-14 10:54:15,
346,JABA,18,,1,2024-03-14 10:54:15,2024-03-14 10:54:15,
347,JEMA'A,18,,1,2024-03-14 10:54:15,2024-03-14 10:54:15,
348,KACHIA,18,,1,2024-03-14 10:54:15,2024-03-14 10:54:15,
349,KADUNA NORTH,18,,1,2024-03-14 10:54:15,2024-03-14 10:54:15,
350,KADUNA SOUTH,18,,1,2024-03-14 10:54:15,2024-03-14 10:54:15,
351,KAGARKO,18,,1,2024-03-14 10:54:15,2024-03-14 10:54:15,
352,KAJURU,18,,1,2024-03-14 10:54:15,2024-03-14 10:54:15,
353,KAURA,18,,1,2024-03-14 10:54:15,2024-03-14 10:54:15,
354,KAURU,18,,1,2024-03-14 10:54:15,2024-03-14 10:54:15,
355,KUBAU,18,,1,2024-03-14 10:54:15,2024-03-14 10:54:15,
356,KUDAN,18,,1,2024-03-14 10:54:15,2024-03-14 10:54:15,
357,LERE,18,,1,2024-03-14 10:54:15,2024-03-14 10:54:15,
358,MAKARFI,18,,1,2024-03-14 10:54:15,2024-03-14 10:54:15,
359,SABON GARI,18,,1,2024-03-14 10:54:15,2024-03-14 10:54:15,
360,SANGA,18,,1,2024-03-14 10:54:15,2024-03-14 10:54:15,
361,SOBA,18,,1,2024-03-14 10:54:15,2024-03-14 10:54:15,
362,ZANGON KATAF,18,,1,2024-03-14 10:54:15,2024-03-14 10:54:15,
363,ZARIA,18,,1,2024-03-14 10:54:15,2024-03-14 10:54:15,
364,AJINGI,19,,1,2024-03-14 10:54:15,2024-03-14 10:54:15,
365,ALBASU,19,,1,2024-03-14 10:54:15,2024-03-14 10:54:15,
366,BAGWAI,19,,1,2024-03-14 10:54:15,2024-03-14 10:54:15,
367,BEBEJI,19,,1,2024-03-14 10:54:15,2024-03-14 10:54:15,
368,BICHI,19,,1,2024-03-14 10:54:15,2024-03-14 10:54:15,
369,BUNKURE,19,,1,2024-03-14 10:54:15,2024-03-14 10:54:15,
370,DALA,19,,1,2024-03-14 10:54:15,2024-03-14 10:54:15,
371,DANBATA,19,,1,2024-03-14 10:54:15,2024-03-14 10:54:15,
372,DAWAKI KUDU,19,,1,2024-03-14 10:54:15,2024-03-14 10:54:15,
373,DAWAKI TOFA,19,,1,2024-03-14 10:54:15,2024-03-14 10:54:15,
374,DOGUWA,19,,1,2024-03-14 10:54:15,2024-03-14 10:54:15,
375,FAGGE,19,,1,2024-03-14 10:54:15,2024-03-14 10:54:15,
376,GABASAWA,19,,1,2024-03-14 10:54:15,2024-03-14 10:54:15,
377,GARKO,19,,1,2024-03-14 10:54:15,2024-03-14 10:54:15,
378,GARUN MALAM,19,,1,2024-03-14 10:54:15,2024-03-14 10:54:15,
379,GAYA,19,,1,2024-03-14 10:54:15,2024-03-14 10:54:15,
380,GEZAWA,19,,1,2024-03-14 10:54:15,2024-03-14 10:54:15,
381,GWALE,19,,1,2024-03-14 10:54:15,2024-03-14 10:54:15,
382,GWARZO,19,,1,2024-03-14 10:54:15,2024-03-14 10:54:15,
383,KABO,19,,1,2024-03-14 10:54:15,2024-03-14 10:54:15,
384,KANO MUNICIPAL,19,,1,2024-03-14 10:54:15,2024-03-14 10:54:15,
385,KARAYE,19,,1,2024-03-14 10:54:15,2024-03-14 10:54:15,
386,KIBIYA,19,,1,2024-03-14 10:54:15,2024-03-14 10:54:15,
387,KIRU,19,,1,2024-03-14 10:54:15,2024-03-14 10:54:15,
388,KUMBOTSO,19,,1,2024-03-14 10:54:15,2024-03-14 10:54:15,
389,KUNCHI,19,,1,2024-03-14 10:54:15,2024-03-14 10:54:15,
390,KURA,19,,1,2024-03-14 10:54:15,2024-03-14 10:54:15,
391,MADOBI,19,,1,2024-03-14 10:54:15,2024-03-14 10:54:15,
392,MAKODA,19,,1,2024-03-14 10:54:15,2024-03-14 10:54:15,
393,MINJIBIR,19,,1,2024-03-14 10:54:15,2024-03-14 10:54:15,
394,NASARAWA,19,,1,2024-03-14 10:54:15,2024-03-14 10:54:15,
395,RANO,19,,1,2024-03-14 10:54:15,2024-03-14 10:54:15,
396,RIMIN GADO,19,,1,2024-03-14 10:54:15,2024-03-14 10:54:15,
397,ROGO,19,,1,2024-03-14 10:54:15,2024-03-14 10:54:15,
398,SHANONO,19,,1,2024-03-14 10:54:15,2024-03-14 10:54:15,
399,SUMAILA,19,,1,2024-03-14 10:54:15,2024-03-14 10:54:15,
400,TAKAI,19,,1,2024-03-14 10:54:15,2024-03-14 10:54:15,
401,TARAUNI,19,,1,2024-03-14 10:54:15,2024-03-14 10:54:15,
402,TOFA,19,,1,2024-03-14 10:54:15,2024-03-14 10:54:15,
403,TSANYAWA,19,,1,2024-03-14 10:54:15,2024-03-14 10:54:15,
404,TUDUN WADA,19,,1,2024-03-14 10:54:15,2024-03-14 10:54:15,
405,UNGOGO,19,,1,2024-03-14 10:54:15,2024-03-14 10:54:15,
406,WARAWA,19,,1,2024-03-14 10:54:15,2024-03-14 10:54:15,
407,WUDIL,19,,1,2024-03-14 10:54:15,2024-03-14 10:54:15,
408,BAKORI,20,,1,2024-03-14 10:54:15,2024-03-14 10:54:15,
409,BATAGARAWA,20,,1,2024-03-14 10:54:15,2024-03-14 10:54:15,
410,BATSARI,20,,1,2024-03-14 10:54:15,2024-03-14 10:54:15,
411,BAURE,20,,1,2024-03-14 10:54:15,2024-03-14 10:54:15,
412,BINDAWA,20,,1,2024-03-14 10:54:15,2024-03-14 10:54:15,
413,CHARANCHI,20,,1,2024-03-14 10:54:15,2024-03-14 10:54:15,
414,DANDUME,20,,1,2024-03-14 10:54:15,2024-03-14 10:54:15,
415,DANJA,20,,1,2024-03-14 10:54:15,2024-03-14 10:54:15,
416,DAN MUSA,20,,1,2024-03-14 10:54:15,2024-03-14 10:54:15,
417,DAURA,20,,1,2024-03-14 10:54:15,2024-03-14 10:54:15,
418,DUTSI,20,,1,2024-03-14 10:54:15,2024-03-14 10:54:15,
419,DUTSIN-MA,20,,1,2024-03-14 10:54:15,2024-03-14 10:54:15,
420,FASKARI,20,,1,2024-03-14 10:54:15,2024-03-14 10:54:15,
421,FUNTUA,20,,1,2024-03-14 10:54:15,2024-03-14 10:54:15,
422,INGAWA,20,,1,2024-03-14 10:54:15,2024-03-14 10:54:15,
423,JIBIA,20,,1,2024-03-14 10:54:15,2024-03-14 10:54:15,
424,KAFUR,20,,1,2024-03-14 10:54:15,2024-03-14 10:54:15,
425,KAITA,20,,1,2024-03-14 10:54:15,2024-03-14 10:54:15,
426,KANKARA,20,,1,2024-03-14 10:54:15,2024-03-14 10:54:15,
427,KANKIA,20,,1,2024-03-14 10:54:15,2024-03-14 10:54:15,
428,KATSINA,20,,1,2024-03-14 10:54:15,2024-03-14 10:54:15,
429,KURFI,20,,1,2024-03-14 10:54:15,2024-03-14 10:54:15,
430,KUSADA,20,,1,2024-03-14 10:54:15,2024-03-14 10:54:15,
431,MAI'ADUA,20,,1,2024-03-14 10:54:15,2024-03-14 10:54:15,
432,MALUFASHI,20,,1,2024-03-14 10:54:15,2024-03-14 10:54:15,
433,MANI,20,,1,2024-03-14 10:54:15,2024-03-14 10:54:15,
434,MASHI,20,,1,2024-03-14 10:54:15,2024-03-14 10:54:15,
435,MATAZU,20,,1,2024-03-14 10:54:15,2024-03-14 10:54:15,
436,MUSAWA,20,,1,2024-03-14 10:54:15,2024-03-14 10:54:15,
437,RIMI,20,,1,2024-03-14 10:54:15,2024-03-14 10:54:15,
438,SABUWA,20,,1,2024-03-14 10:54:15,2024-03-14 10:54:15,
439,SAFANA,20,,1,2024-03-14 10:54:15,2024-03-14 10:54:15,
440,SANDAMU,20,,1,2024-03-14 10:54:15,2024-03-14 10:54:15,
441,ZANGO,20,,1,2024-03-14 10:54:15,2024-03-14 10:54:15,
442,ALIERO,21,,1,2024-03-14 10:54:15,2024-03-14 10:54:15,
443,AREWA,21,,1,2024-03-14 10:54:15,2024-03-14 10:54:15,
444,ARGUNGU,21,,1,2024-03-14 10:54:15,2024-03-14 10:54:15,
445,AUGIE,21,,1,2024-03-14 10:54:15,2024-03-14 10:54:15,
446,BAGUDO,21,,1,2024-03-14 10:54:15,2024-03-14 10:54:15,
447,BIRNIN KEBBI,21,,1,2024-03-14 10:54:15,2024-03-14 10:54:15,
448,BUNZA,21,,1,2024-03-14 10:54:15,2024-03-14 10:54:15,
449,DANDI,21,,1,2024-03-14 10:54:15,2024-03-14 10:54:15,
450,FAKAI,21,,1,2024-03-14 10:54:15,2024-03-14 10:54:15,
451,GWANDU,21,,1,2024-03-14 10:54:15,2024-03-14 10:54:15,
452,JEGA,21,,1,2024-03-14 10:54:15,2024-03-14 10:54:15,
453,KALGO,21,,1,2024-03-14 10:54:15,2024-03-14 10:54:15,
454,KOKO/BESSE,21,,1,2024-03-14 10:54:15,2024-03-14 10:54:15,
455,MAIYAMA,21,,1,2024-03-14 10:54:15,2024-03-14 10:54:15,
456,NGASKI,21,,1,2024-03-14 10:54:15,2024-03-14 10:54:15,
457,SAKABA,21,,1,2024-03-14 10:54:15,2024-03-14 10:54:15,
458,SHANGA,21,,1,2024-03-14 10:54:15,2024-03-14 10:54:15,
459,SURU,21,,1,2024-03-14 10:54:15,2024-03-14 10:54:15,
460,WASAGU/DANKO,21,,1,2024-03-14 10:54:15,2024-03-14 10:54:15,
461,YAURI,21,,1,2024-03-14 10:54:15,2024-03-14 10:54:15,
462,ZURU,21,,1,2024-03-14 10:54:15,2024-03-14 10:54:15,
463,ADAVI,22,,1,2024-03-14 10:54:15,2024-03-14 10:54:15,
464,AJAOKUTA,22,,1,2024-03-14 10:54:15,2024-03-14 10:54:15,
465,ANKPA,22,,1,2024-03-14 10:54:15,2024-03-14 10:54:15,
466,BASSA,22,,1,2024-03-14 10:54:15,2024-03-14 10:54:15,
467,DEKINA,22,,1,2024-03-14 10:54:15,2024-03-14 10:54:15,
468,IBAJI,22,,1,2024-03-14 10:54:15,2024-03-14 10:54:15,
469,IDAH,22,,1,2024-03-14 10:54:15,2024-03-14 10:54:15,
470,IGALAMELA/ODOLU,22,,1,2024-03-14 10:54:15,2024-03-14 10:54:15,
471,IJUMU,22,,1,2024-03-14 10:54:15,2024-03-14 10:54:15,
472,KABBA/BUNU,22,,1,2024-03-14 10:54:15,2024-03-14 10:54:15,
473,KOGI . K. K.,22,,1,2024-03-14 10:54:15,2024-03-14 10:54:15,
474,LOKOJA,22,,1,2024-03-14 10:54:15,2024-03-14 10:54:15,
475,MOPA MORO,22,,1,2024-03-14 10:54:15,2024-03-14 10:54:15,
476,OFU,22,,1,2024-03-14 10:54:15,2024-03-14 10:54:15,
477,OGORI MANGOGO,22,,1,2024-03-14 10:54:15,2024-03-14 10:54:15,
478,OKEHI,22,,1,2024-03-14 10:54:15,2024-03-14 10:54:15,
479,OKENE,22,,1,2024-03-14 10:54:15,2024-03-14 10:54:15,
480,OLAMABORO,22,,1,2024-03-14 10:54:15,2024-03-14 10:54:15,
481,OMALA,22,,1,2024-03-14 10:54:15,2024-03-14 10:54:15,
482,YAGBA EAST,22,,1,2024-03-14 10:54:15,2024-03-14 10:54:15,
483,YAGBA WEST,22,,1,2024-03-14 10:54:15,2024-03-14 10:54:15,
484,ASA,23,,1,2024-03-14 10:54:15,2024-03-14 10:54:15,
485,BARUTEN,23,,1,2024-03-14 10:54:15,2024-03-14 10:54:15,
486,EDU,23,,1,2024-03-14 10:54:15,2024-03-14 10:54:15,
487,EKITI,23,,1,2024-03-14 10:54:15,2024-03-14 10:54:15,
488,IFELODUN,23,,1,2024-03-14 10:54:15,2024-03-14 10:54:15,
489,ILORIN EAST,23,,1,2024-03-14 10:54:15,2024-03-14 10:54:15,
490,ILORIN-SOUTH,23,,1,2024-03-14 10:54:15,2024-03-14 10:54:15,
491,ILORIN-WEST,23,,1,2024-03-14 10:54:15,2024-03-14 10:54:15,
492,IREPODUN,23,,1,2024-03-14 10:54:15,2024-03-14 10:54:15,
493,ISIN,23,,1,2024-03-14 10:54:15,2024-03-14 10:54:15,
494,KAIAMA,23,,1,2024-03-14 10:54:15,2024-03-14 10:54:15,
495,MORO,23,,1,2024-03-14 10:54:15,2024-03-14 10:54:15,
496,OFFA,23,,1,2024-03-14 10:54:15,2024-03-14 10:54:15,
497,OKE - ERO,23,,1,2024-03-14 10:54:15,2024-03-14 10:54:15,
498,OYUN,23,,1,2024-03-14 10:54:15,2024-03-14 10:54:15,
499,PATIGI,23,,1,2024-03-14 10:54:15,2024-03-14 10:54:15,
500,AGEGE,24,,1,2024-03-14 10:54:15,2024-03-14 10:54:15,
501,AJEROMI/IFELODUN,24,,1,2024-03-14 10:54:15,2024-03-14 10:54:15,
502,ALIMOSHO,24,,1,2024-03-14 10:54:15,2024-03-14 10:54:15,
503,AMUWO-ODOFIN,24,,1,2024-03-14 10:54:15,2024-03-14 10:54:15,
504,APAPA,24,,1,2024-03-14 10:54:15,2024-03-14 10:54:15,
505,BADAGRY,24,,1,2024-03-14 10:54:15,2024-03-14 10:54:15,
506,EPE,24,,1,2024-03-14 10:54:15,2024-03-14 10:54:15,
507,ETI-OSA,24,,1,2024-03-14 10:54:15,2024-03-14 10:54:15,
508,IBEJU/LEKKI,24,,1,2024-03-14 10:54:15,2024-03-14 10:54:15,
509,IFAKO-IJAYE,24,,1,2024-03-14 10:54:15,2024-03-14 10:54:15,
510,IKEJA,24,,1,2024-03-14 10:54:15,2024-03-14 10:54:15,
511,IKORODU,24,,1,2024-03-14 10:54:15,2024-03-14 10:54:15,
512,KOSOFE,24,,1,2024-03-14 10:54:15,2024-03-14 10:54:15,
513,LAGOS ISLAND,24,,1,2024-03-14 10:54:15,2024-03-14 10:54:15,
514,LAGOS MAINLAND,24,,1,2024-03-14 10:54:15,2024-03-14 10:54:15,
515,MUSHIN,24,,1,2024-03-14 10:54:15,2024-03-14 10:54:15,
516,OJO,24,,1,2024-03-14 10:54:15,2024-03-14 10:54:15,
517,OSHODI/ISOLO,24,,1,2024-03-14 10:54:15,2024-03-14 10:54:15,
518,SOMOLU,24,,1,2024-03-14 10:54:15,2024-03-14 10:54:15,
519,SURULERE,24,,1,2024-03-14 10:54:15,2024-03-14 10:54:15,
520,AKWANGA,25,,1,2024-03-14 10:54:15,2024-03-14 10:54:15,
521,AWE,25,,1,2024-03-14 10:54:15,2024-03-14 10:54:15,
522,DOMA,25,,1,2024-03-14 10:54:15,2024-03-14 10:54:15,
523,KARU,25,,1,2024-03-14 10:54:15,2024-03-14 10:54:15,
524,KEANA,25,,1,2024-03-14 10:54:15,2024-03-14 10:54:15,
525,KEFFI,25,,1,2024-03-14 10:54:15,2024-03-14 10:54:15,
526,KOKONA,25,,1,2024-03-14 10:54:15,2024-03-14 10:54:15,
527,LAFIA,25,,1,2024-03-14 10:54:15,2024-03-14 10:54:15,
528,NASARAWA,25,,1,2024-03-14 10:54:15,2024-03-14 10:54:15,
529,NASARAWA EGGON,25,,1,2024-03-14 10:54:15,2024-03-14 10:54:15,
530,OBI,25,,1,2024-03-14 10:54:15,2024-03-14 10:54:15,
531,TOTO,25,,1,2024-03-14 10:54:15,2024-03-14 10:54:15,
532,WAMBA,25,,1,2024-03-14 10:54:15,2024-03-14 10:54:15,
533,AGAIE,26,,1,2024-03-14 10:54:15,2024-03-14 10:54:15,
534,AGWARA,26,,1,2024-03-14 10:54:15,2024-03-14 10:54:15,
535,BIDA,26,,1,2024-03-14 10:54:15,2024-03-14 10:54:15,
536,BORGU,26,,1,2024-03-14 10:54:15,2024-03-14 10:54:15,
537,BOSSO,26,,1,2024-03-14 10:54:15,2024-03-14 10:54:15,
538,CHANCHAGA,26,,1,2024-03-14 10:54:15,2024-03-14 10:54:15,
539,EDATTI,26,,1,2024-03-14 10:54:15,2024-03-14 10:54:15,
540,GBAKO,26,,1,2024-03-14 10:54:15,2024-03-14 10:54:15,
541,GURARA,26,,1,2024-03-14 10:54:15,2024-03-14 10:54:15,
542,KATCHA,26,,1,2024-03-14 10:54:15,2024-03-14 10:54:15,
543,KONTAGORA,26,,1,2024-03-14 10:54:15,2024-03-14 10:54:15,
544,LAPAI,26,,1,2024-03-14 10:54:15,2024-03-14 10:54:15,
545,LAVUN,26,,1,2024-03-14 10:54:15,2024-03-14 10:54:15,
546,MAGAMA,26,,1,2024-03-14 10:54:15,2024-03-14 10:54:15,
547,MARIGA,26,,1,2024-03-14 10:54:15,2024-03-14 10:54:15,
548,MASHEGU,26,,1,2024-03-14 10:54:15,2024-03-14 10:54:15,
549,MOKWA,26,,1,2024-03-14 10:54:15,2024-03-14 10:54:15,
550,MUNYA,26,,1,2024-03-14 10:54:15,2024-03-14 10:54:15,
551,PAIKORO,26,,1,2024-03-14 10:54:15,2024-03-14 10:54:15,
552,RAFI,26,,1,2024-03-14 10:54:15,2024-03-14 10:54:15,
553,RIJAU,26,,1,2024-03-14 10:54:15,2024-03-14 10:54:15,
554,SHIRORO,26,,1,2024-03-14 10:54:15,2024-03-14 10:54:15,
555,SULEJA,26,,1,2024-03-14 10:54:15,2024-03-14 10:54:15,
556,TAFA,26,,1,2024-03-14 10:54:15,2024-03-14 10:54:15,
557,WUSHISHI,26,,1,2024-03-14 10:54:15,2024-03-14 10:54:15,
558,ABEOKUTA NORTH,27,,1,2024-03-14 10:54:15,2024-03-14 10:54:15,
559,ABEOKUTA SOUTH,27,,1,2024-03-14 10:54:15,2024-03-14 10:54:15,
560,ADO ODO-OTA,27,,1,2024-03-14 10:54:15,2024-03-14 10:54:15,
561,EGBADO NORTH,27,,1,2024-03-14 10:54:15,2024-03-14 10:54:15,
562,EGBADO SOUTH,27,,1,2024-03-14 10:54:15,2024-03-14 10:54:15,
563,EWEKORO,27,,1,2024-03-14 10:54:15,2024-03-14 10:54:15,
564,IFO,27,,1,2024-03-14 10:54:15,2024-03-14 10:54:15,
565,IJEBU EAST,27,,1,2024-03-14 10:54:15,2024-03-14 10:54:15,
566,IJEBU NORTH,27,,1,2024-03-14 10:54:15,2024-03-14 10:54:15,
567,IJEBU NORTH EAST,27,,1,2024-03-14 10:54:15,2024-03-14 10:54:15,
568,IJEBU ODE,27,,1,2024-03-14 10:54:15,2024-03-14 10:54:15,
569,IKENNE,27,,1,2024-03-14 10:54:15,2024-03-14 10:54:15,
570,IMEKO/AFON,27,,1,2024-03-14 10:54:15,2024-03-14 10:54:15,
571,IPOKIA,27,,1,2024-03-14 10:54:15,2024-03-14 10:54:15,
572,OBAFEMI/OWODE,27,,1,2024-03-14 10:54:15,2024-03-14 10:54:15,
573,ODEDA,27,,1,2024-03-14 10:54:15,2024-03-14 10:54:15,
574,ODOGBOLU,27,,1,2024-03-14 10:54:15,2024-03-14 10:54:15,
575,OGUN WATER SIDE,27,,1,2024-03-14 10:54:15,2024-03-14 10:54:15,
576,REMO NORTH,27,,1,2024-03-14 10:54:15,2024-03-14 10:54:15,
577,SAGAMU,27,,1,2024-03-14 10:54:15,2024-03-14 10:54:15,
578,AKOKO NORTH EAST,28,,1,2024-03-14 10:54:15,2024-03-14 10:54:15,
579,AKOKO NORTH WEST,28,,1,2024-03-14 10:54:15,2024-03-14 10:54:15,
580,AKOKO SOUTH EAST,28,,1,2024-03-14 10:54:15,2024-03-14 10:54:15,
581,AKOKO SOUTH WEST,28,,1,2024-03-14 10:54:15,2024-03-14 10:54:15,
582,AKURE NORTH,28,,1,2024-03-14 10:54:15,2024-03-14 10:54:15,
583,AKURE SOUTH,28,,1,2024-03-14 10:54:15,2024-03-14 10:54:15,
584,ESE-ODO,28,,1,2024-03-14 10:54:15,2024-03-14 10:54:15,
585,IDANRE,28,,1,2024-03-14 10:54:15,2024-03-14 10:54:15,
586,IFEDORE,28,,1,2024-03-14 10:54:15,2024-03-14 10:54:15,
587,ILAJE,28,,1,2024-03-14 10:54:15,2024-03-14 10:54:15,
588,ILEOLUJI/OKEIGBO,28,,1,2024-03-14 10:54:15,2024-03-14 10:54:15,
589,IRELE,28,,1,2024-03-14 10:54:15,2024-03-14 10:54:15,
590,ODIGBO,28,,1,2024-03-14 10:54:15,2024-03-14 10:54:15,
591,OKITIPUPA,28,,1,2024-03-14 10:54:15,2024-03-14 10:54:15,
592,ONDO EAST,28,,1,2024-03-14 10:54:15,2024-03-14 10:54:15,
593,ONDO WEST,28,,1,2024-03-14 10:54:15,2024-03-14 10:54:15,
594,OSE,28,,1,2024-03-14 10:54:15,2024-03-14 10:54:15,
595,OWO,28,,1,2024-03-14 10:54:15,2024-03-14 10:54:15,
596,ATAKUMOSA EAST,29,,1,2024-03-14 10:54:15,2024-03-14 10:54:15,
597,ATAKUMOSA WEST,29,,1,2024-03-14 10:54:15,2024-03-14 10:54:15,
598,AYEDAADE,29,,1,2024-03-14 10:54:15,2024-03-14 10:54:15,
599,AYEDIRE,29,,1,2024-03-14 10:54:15,2024-03-14 10:54:15,
600,BOLUWADURO,29,,1,2024-03-14 10:54:15,2024-03-14 10:54:15,
601,BORIPE,29,,1,2024-03-14 10:54:15,2024-03-14 10:54:15,
602,EDE NORTH,29,,1,2024-03-14 10:54:15,2024-03-14 10:54:15,
603,EDE SOUTH,29,,1,2024-03-14 10:54:15,2024-03-14 10:54:15,
604,EGBEDORE,29,,1,2024-03-14 10:54:15,2024-03-14 10:54:15,
605,EJIGBO,29,,1,2024-03-14 10:54:15,2024-03-14 10:54:15,
606,IFE CENTRAL,29,,1,2024-03-14 10:54:15,2024-03-14 10:54:15,
607,IFEDAYO,29,,1,2024-03-14 10:54:15,2024-03-14 10:54:15,
608,IFE EAST,29,,1,2024-03-14 10:54:15,2024-03-14 10:54:15,
609,IFELODUN,29,,1,2024-03-14 10:54:15,2024-03-14 10:54:15,
610,IFE NORTH,29,,1,2024-03-14 10:54:15,2024-03-14 10:54:15,
611,IFE SOUTH,29,,1,2024-03-14 10:54:15,2024-03-14 10:54:15,
612,ILA,29,,1,2024-03-14 10:54:15,2024-03-14 10:54:15,
613,ILESA EAST,29,,1,2024-03-14 10:54:15,2024-03-14 10:54:15,
614,ILESA WEST,29,,1,2024-03-14 10:54:15,2024-03-14 10:54:15,
615,IREPODUN,29,,1,2024-03-14 10:54:15,2024-03-14 10:54:15,
616,IREWOLE,29,,1,2024-03-14 10:54:15,2024-03-14 10:54:15,
617,ISOKAN,29,,1,2024-03-14 10:54:15,2024-03-14 10:54:15,
618,IWO,29,,1,2024-03-14 10:54:15,2024-03-14 10:54:15,
619,OBOKUN,29,,1,2024-03-14 10:54:15,2024-03-14 10:54:15,
620,ODO-OTIN,29,,1,2024-03-14 10:54:15,2024-03-14 10:54:15,
621,OLA-OLUWA,29,,1,2024-03-14 10:54:15,2024-03-14 10:54:15,
622,OLORUNDA,29,,1,2024-03-14 10:54:15,2024-03-14 10:54:15,
623,ORIADE,29,,1,2024-03-14 10:54:15,2024-03-14 10:54:15,
624,OROLU,29,,1,2024-03-14 10:54:15,2024-03-14 10:54:15,
625,OSOGBO,29,,1,2024-03-14 10:54:15,2024-03-14 10:54:15,
626,AFIJIO,30,,1,2024-03-14 10:54:15,2024-03-14 10:54:15,
627,AKINYELE,30,,1,2024-03-14 10:54:15,2024-03-14 10:54:15,
628,ATIBA,30,,1,2024-03-14 10:54:15,2024-03-14 10:54:15,
629,ATISBO,30,,1,2024-03-14 10:54:15,2024-03-14 10:54:15,
630,EGBEDA,30,,1,2024-03-14 10:54:15,2024-03-14 10:54:15,
631,IBADAN NORTH,30,,1,2024-03-14 10:54:15,2024-03-14 10:54:15,
632,IBADAN NORTH EAST,30,,1,2024-03-14 10:54:15,2024-03-14 10:54:15,
633,IBADAN NORTH WEST,30,,1,2024-03-14 10:54:15,2024-03-14 10:54:15,
634,IBADAN SOUTH-EAST,30,,1,2024-03-14 10:54:15,2024-03-14 10:54:15,
635,IBADAN SOUTH WEST,30,,1,2024-03-14 10:54:15,2024-03-14 10:54:15,
636,IBARAPA CENTRAL,30,,1,2024-03-14 10:54:15,2024-03-14 10:54:15,
637,IBARAPA EAST,30,,1,2024-03-14 10:54:15,2024-03-14 10:54:15,
638,IBARAPA NORTH,30,,1,2024-03-14 10:54:15,2024-03-14 10:54:15,
639,IDO,30,,1,2024-03-14 10:54:15,2024-03-14 10:54:15,
640,IREPO,30,,1,2024-03-14 10:54:15,2024-03-14 10:54:15,
641,ISEYIN,30,,1,2024-03-14 10:54:15,2024-03-14 10:54:15,
642,ITESIWAJU,30,,1,2024-03-14 10:54:15,2024-03-14 10:54:15,
643,IWAJOWA,30,,1,2024-03-14 10:54:15,2024-03-14 10:54:15,
644,KAJOLA,30,,1,2024-03-14 10:54:15,2024-03-14 10:54:15,
645,LAGELU,30,,1,2024-03-14 10:54:15,2024-03-14 10:54:15,
646,OGBOMOSO NORTH,30,,1,2024-03-14 10:54:15,2024-03-14 10:54:15,
647,OGBOMOSO SOUTH,30,,1,2024-03-14 10:54:15,2024-03-14 10:54:15,
648,OGO-OLUWA,30,,1,2024-03-14 10:54:15,2024-03-14 10:54:15,
649,OLORUNSOGO,30,,1,2024-03-14 10:54:15,2024-03-14 10:54:15,
650,OLUYOLE,30,,1,2024-03-14 10:54:15,2024-03-14 10:54:15,
651,ONA-ARA,30,,1,2024-03-14 10:54:15,2024-03-14 10:54:15,
652,OORELOPE,30,,1,2024-03-14 10:54:15,2024-03-14 10:54:15,
653,ORI IRE,30,,1,2024-03-14 10:54:15,2024-03-14 10:54:15,
654,OYO EAST,30,,1,2024-03-14 10:54:15,2024-03-14 10:54:15,
655,OYO WEST,30,,1,2024-03-14 10:54:15,2024-03-14 10:54:15,
656,SAKI EAST,30,,1,2024-03-14 10:54:15,2024-03-14 10:54:15,
657,SAKI WEST,30,,1,2024-03-14 10:54:15,2024-03-14 10:54:15,
658,SURULERE,30,,1,2024-03-14 10:54:15,2024-03-14 10:54:15,
659,BARIKIN LADI,31,,1,2024-03-14 10:54:15,2024-03-14 10:54:15,
660,BASSA,31,,1,2024-03-14 10:54:15,2024-03-14 10:54:15,
661,BOKKOS,31,,1,2024-03-14 10:54:15,2024-03-14 10:54:15,
662,JOS EAST,31,,1,2024-03-14 10:54:15,2024-03-14 10:54:15,
663,JOS NORTH,31,,1,2024-03-14 10:54:15,2024-03-14 10:54:15,
664,JOS SOUTH,31,,1,2024-03-14 10:54:15,2024-03-14 10:54:15,
665,KANAM,31,,1,2024-03-14 10:54:15,2024-03-14 10:54:15,
666,KANKE,31,,1,2024-03-14 10:54:15,2024-03-14 10:54:15,
667,LANGTANG NORTH,31,,1,2024-03-14 10:54:15,2024-03-14 10:54:15,
668,LANGTANG SOUTH,31,,1,2024-03-14 10:54:15,2024-03-14 10:54:15,
669,MANGU,31,,1,2024-03-14 10:54:15,2024-03-14 10:54:15,
670,MIKANG,31,,1,2024-03-14 10:54:15,2024-03-14 10:54:15,
671,PANKSHIN,31,,1,2024-03-14 10:54:15,2024-03-14 10:54:15,
672,QUA'AN PAN,31,,1,2024-03-14 10:54:15,2024-03-14 10:54:15,
673,RIYOM,31,,1,2024-03-14 10:54:15,2024-03-14 10:54:15,
674,SHENDAM,31,,1,2024-03-14 10:54:15,2024-03-14 10:54:15,
675,WASE,31,,1,2024-03-14 10:54:15,2024-03-14 10:54:15,
676,ABUA-ODUAL,32,,1,2024-03-14 10:54:15,2024-03-14 10:54:15,
677,AHOADA EAST,32,,1,2024-03-14 10:54:15,2024-03-14 10:54:15,
678,AHOADA WEST,32,,1,2024-03-14 10:54:15,2024-03-14 10:54:15,
679,AKUKU TORU,32,,1,2024-03-14 10:54:15,2024-03-14 10:54:15,
680,ANDONI,32,,1,2024-03-14 10:54:15,2024-03-14 10:54:15,
681,ASARI-TORU,32,,1,2024-03-14 10:54:15,2024-03-14 10:54:15,
682,BONNY,32,,1,2024-03-14 10:54:15,2024-03-14 10:54:15,
683,DEGEMA,32,,1,2024-03-14 10:54:15,2024-03-14 10:54:15,
684,ELEME,32,,1,2024-03-14 10:54:15,2024-03-14 10:54:15,
685,EMOHUA,32,,1,2024-03-14 10:54:15,2024-03-14 10:54:15,
686,ETCHE,32,,1,2024-03-14 10:54:15,2024-03-14 10:54:15,
687,GOKANA,32,,1,2024-03-14 10:54:15,2024-03-14 10:54:15,
688,IKWERRE,32,,1,2024-03-14 10:54:15,2024-03-14 10:54:15,
689,KHANA,32,,1,2024-03-14 10:54:15,2024-03-14 10:54:15,
690,OBIO/AKPOR,32,,1,2024-03-14 10:54:15,2024-03-14 10:54:15,
691,OGBA/EGBEMA/NDONI,32,,1,2024-03-14 10:54:15,2024-03-14 10:54:15,
692,OGU/BOLO,32,,1,2024-03-14 10:54:15,2024-03-14 10:54:15,
693,OKRIKA,32,,1,2024-03-14 10:54:15,2024-03-14 10:54:15,
694,OMUMA,32,,1,2024-03-14 10:54:15,2024-03-14 10:54:15,
695,OPOBO/NEKORO,32,,1,2024-03-14 10:54:15,2024-03-14 10:54:15,
696,OYIGBO,32,,1,2024-03-14 10:54:15,2024-03-14 10:54:15,
697,PORT HARCOURT,32,,1,2024-03-14 10:54:15,2024-03-14 10:54:15,
698,TAI,32,,1,2024-03-14 10:54:15,2024-03-14 10:54:15,
699,BINJI,33,,1,2024-03-14 10:54:15,2024-03-14 10:54:15,
700,BODINGA,33,,1,2024-03-14 10:54:15,2024-03-14 10:54:15,
701,DANGE/SHUNI,33,,1,2024-03-14 10:54:15,2024-03-14 10:54:15,
702,GADA,33,,1,2024-03-14 10:54:15,2024-03-14 10:54:15,
703,GORONYO,33,,1,2024-03-14 10:54:15,2024-03-14 10:54:15,
704,GUDU,33,,1,2024-03-14 10:54:15,2024-03-14 10:54:15,
705,GWADABAWA,33,,1,2024-03-14 10:54:15,2024-03-14 10:54:15,
706,ILLELA,33,,1,2024-03-14 10:54:15,2024-03-14 10:54:15,
707,ISA,33,,1,2024-03-14 10:54:15,2024-03-14 10:54:15,
708,KWARE,33,,1,2024-03-14 10:54:15,2024-03-14 10:54:15,
709,KEBBE,33,,1,2024-03-14 10:54:15,2024-03-14 10:54:15,
710,RABAH,33,,1,2024-03-14 10:54:15,2024-03-14 10:54:15,
711,S/BIRNI,33,,1,2024-03-14 10:54:15,2024-03-14 10:54:15,
712,SHAGARI,33,,1,2024-03-14 10:54:15,2024-03-14 10:54:15,
713,SILAME,33,,1,2024-03-14 10:54:15,2024-03-14 10:54:15,
714,SOKOTO NORTH,33,,1,2024-03-14 10:54:15,2024-03-14 10:54:15,
715,SOKOTO SOUTH,33,,1,2024-03-14 10:54:15,2024-03-14 10:54:15,
716,TAMBUWAL,33,,1,2024-03-14 10:54:15,2024-03-14 10:54:15,
717,TANGAZA,33,,1,2024-03-14 10:54:15,2024-03-14 10:54:15,
718,TURETA,33,,1,2024-03-14 10:54:15,2024-03-14 10:54:15,
719,WAMAKKO,33,,1,2024-03-14 10:54:15,2024-03-14 10:54:15,
720,WURNO,33,,1,2024-03-14 10:54:15,2024-03-14 10:54:15,
721,YABO,33,,1,2024-03-14 10:54:15,2024-03-14 10:54:15,
722,ARDO - KOLA,34,,1,2024-03-14 10:54:15,2024-03-14 10:54:15,
723,BALI,34,,1,2024-03-14 10:54:15,2024-03-14 10:54:15,
724,DONGA,34,,1,2024-03-14 10:54:15,2024-03-14 10:54:15,
725,GASHAKA,34,,1,2024-03-14 10:54:15,2024-03-14 10:54:15,
726,GASSOL,34,,1,2024-03-14 10:54:15,2024-03-14 10:54:15,
727,IBI,34,,1,2024-03-14 10:54:15,2024-03-14 10:54:15,
728,JALINGO,34,,1,2024-03-14 10:54:15,2024-03-14 10:54:15,
729,KARIM-LAMIDO,34,,1,2024-03-14 10:54:15,2024-03-14 10:54:15,
730,KURMI,34,,1,2024-03-14 10:54:15,2024-03-14 10:54:15,
731,LAU,34,,1,2024-03-14 10:54:15,2024-03-14 10:54:15,
732,SARDAUNA,34,,1,2024-03-14 10:54:15,2024-03-14 10:54:15,
733,TAKUM,34,,1,2024-03-14 10:54:15,2024-03-14 10:54:15,
734,USSA,34,,1,2024-03-14 10:54:15,2024-03-14 10:54:15,
735,WUKARI,34,,1,2024-03-14 10:54:15,2024-03-14 10:54:15,
736,YORRO,34,,1,2024-03-14 10:54:15,2024-03-14 10:54:15,
737,ZING,34,,1,2024-03-14 10:54:15,2024-03-14 10:54:15,
738,BADE,35,,1,2024-03-14 10:54:15,2024-03-14 10:54:15,
739,BURSARI,35,,1,2024-03-14 10:54:15,2024-03-14 10:54:15,
740,DAMATURU,35,,1,2024-03-14 10:54:15,2024-03-14 10:54:15,
741,FIKA,35,,1,2024-03-14 10:54:15,2024-03-14 10:54:15,
742,FUNE,35,,1,2024-03-14 10:54:15,2024-03-14 10:54:15,
743,GEIDAM,35,,1,2024-03-14 10:54:15,2024-03-14 10:54:15,
744,GUJBA,35,,1,2024-03-14 10:54:15,2024-03-14 10:54:15,
745,GULANI,35,,1,2024-03-14 10:54:15,2024-03-14 10:54:15,
746,JAKUSKO,35,,1,2024-03-14 10:54:15,2024-03-14 10:54:15,
747,KARASAWA,35,,1,2024-03-14 10:54:15,2024-03-14 10:54:15,
748,MACHINA,35,,1,2024-03-14 10:54:15,2024-03-14 10:54:15,
749,NANGERE,35,,1,2024-03-14 10:54:15,2024-03-14 10:54:15,
750,NGURU,35,,1,2024-03-14 10:54:15,2024-03-14 10:54:15,
751,POTISKUM,35,,1,2024-03-14 10:54:15,2024-03-14 10:54:15,
752,TARMUWA,35,,1,2024-03-14 10:54:15,2024-03-14 10:54:15,
753,YUNUSARI,35,,1,2024-03-14 10:54:15,2024-03-14 10:54:15,
754,YUSUFARI,35,,1,2024-03-14 10:54:15,2024-03-14 10:54:15,
755,ANKA,36,,1,2024-03-14 10:54:15,2024-03-14 10:54:15,
756,BAKURA,36,,1,2024-03-14 10:54:15,2024-03-14 10:54:15,
757,BIRNIN MAGAJI,36,,1,2024-03-14 10:54:15,2024-03-14 10:54:15,
758,BUKKUYUM,36,,1,2024-03-14 10:54:15,2024-03-14 10:54:15,
759,BUNGUDU,36,,1,2024-03-14 10:54:15,2024-03-14 10:54:15,
760,GUMMI,36,,1,2024-03-14 10:54:15,2024-03-14 10:54:15,
761,GUSAU,36,,1,2024-03-14 10:54:15,2024-03-14 10:54:15,
762,KAURA NAMODA,36,,1,2024-03-14 10:54:15,2024-03-14 10:54:15,
763,MARADUN,36,,1,2024-03-14 10:54:15,2024-03-14 10:54:15,
764,MARU,36,,1,2024-03-14 10:54:15,2024-03-14 10:54:15,
765,SHINKAFI,36,,1,2024-03-14 10:54:15,2024-03-14 10:54:15,
766,TALATA MAFARA,36,,1,2024-03-14 10:54:15,2024-03-14 10:54:15,
767,TSAFE,36,,1,2024-03-14 10:54:15,2024-03-14 10:54:15,
768,ZURMI,36,,1,2024-03-14 10:54:15,2024-03-14 10:54:15,
769,ABAJI,37,,1,2024-03-14 10:54:15,2024-03-14 10:54:15,
770,BWARI,37,,1,2024-03-14 10:54:15,2024-03-14 10:54:15,
771,GWAGWALADA,37,,1,2024-03-14 10:54:15,2024-03-14 10:54:15,
772,KUJE,37,,1,2024-03-14 10:54:15,2024-03-14 10:54:15,
773,KWALI,37,,1,2024-03-14 10:54:15,2024-03-14 10:54:15,
774,MUNICIPAL,37,,1,2024-03-14 10:54:15,2024-03-14 10:54:15,
